  xGF	  xGC	  GF	  GC	  SF	  SC	Replay ID                           	  P(Win)	  P(Result)	  P(Score)	Outcome  	  StartTime
 4.16	 2.07	   4	   0	  80	  64	be26e956-abcf-45d8-9b84-ef1796184e34	   84.98	      84.98	      2.42	W        	 1622661386
 3.52	 1.18	   4	   3	  62	  91	c3a8c85e-08aa-4834-8d9f-24db3c0d78f3	   91.41	      91.41	      2.42	W        	 1622661927
 2.58	 2.76	   4	   1	  69	 102	a49b0a74-b791-4626-9206-cadbfd204972	   47.23	      47.23	      3.04	W        	 1622662358
 2.29	 3.46	   1	   3	  73	  96	c233d5f2-804c-43bc-8cb2-e636af3be959	   28.94	      71.06	      6.59	L        	 1622662790
 3.17	 1.54	   5	   1	  63	  60	8b9c2194-8220-43ea-9cee-c0ef93b12f90	   81.39	      81.39	      5.03	W        	 1622663180
 3.14	 2.13	   1	   2	  89	  89	b6f91e7a-ab82-4156-ab34-3d80c787bb1f	   70.43	      29.57	      3.57	L*       	 1622663633
 2.47	 2.02	   4	   6	  79	  78	77e20157-0d9b-4648-87fc-d6ccc9829139	   59.67	      40.33	      0.05	L        	 1622664116
 2.22	 3.36	   4	   3	  71	  78	8885359f-09dd-4f77-92b4-56578bf5c643	   27.62	      27.62	      3.17	W        	 1622664577
 1.71	 1.92	   1	   3	  64	  81	687411a3-fdec-4377-b1ab-d644e8fee26f	   44.11	      55.89	      8.63	L        	 1622664975
 2.56	 3.3 	   3	   5	  69	  76	ead4f8ae-a924-4cfe-8622-94725d49e462	   35.84	      64.16	      4.4 	L        	 1622665464
 3.4 	 2.8 	   7	   3	  89	  89	2c6626f0-0887-4378-ac38-2df4d003b42b	   61.06	      61.06	      0.68	W        	 1622666576
 3.49	 4.6 	   3	   4	  80	 104	f05b78c3-2b01-4ead-a6d4-03c3bbfc9f79	   32.06	      67.94	      6.6 	L*       	 1622667177
 3.27	 3.32	   4	   3	  68	 103	1ab1006e-f6f3-43bb-9f67-1d0de8b2f720	   48.93	      48.93	      8.11	W        	 1622667650
 2.4 	 1.26	   2	   0	  76	  90	a21320f2-e96c-48b0-96ca-36a8559e4dbf	   73.4 	      73.4 	      9.14	W        	 1622668554
 0.83	 2.91	   1	   5	  56	 104	365d9b56-ff6a-4282-a8e2-b7f61ccfa510	   10.82	      89.18	      3.9 	L        	 1622668975
 3.75	 3.36	   3	   4	  78	  89	e641ee95-d38b-4226-9ccc-6453b050640c	   57.43	      42.57	      7.41	L        	 1622669467
 3.12	 3.01	   2	   5	  70	  81	4292427b-0bb4-48b0-828d-13d4521ee3dd	   52.15	      47.85	      2.66	L        	 1622669892
 1.16	 0.04	   3	   0	  28	  28	16610695-f169-4ded-be4e-8e8a6ee3daf7	   87.3 	      87.3 	      7.24	W        	 1622750375
 2.96	 1.82	   5	   2	  72	  59	0b362cfc-b338-4589-8519-ea85b24d6929	   74.84	      74.84	      4.52	W        	 1622750849
 3.42	 3.24	   6	   5	  67	  85	a1e3e96e-14b3-4362-a794-fc960969a453	   53.57	      53.57	      0.86	W        	 1622751378
 2.7 	 2.89	   2	   6	  72	  88	319caf2f-b412-4e0a-963c-c652ef92094e	   46.55	      53.45	      1.07	L        	 1622751862
 1.52	 0.88	   3	   1	  39	  27	509dcf00-bbe9-4045-a3d5-46c5785e816d	   67.09	      67.09	     10.94	W        	 1622752112
 3.22	 2.11	   6	   5	  78	  91	6d05c13e-920c-4b82-bd9f-9800a0a3a76e	   72.44	      72.44	      0.15	W*       	 1622752639
 2.67	 2.8 	   3	   1	  84	  87	12abdb60-12d9-492c-8cf5-8c4773b30648	   47.02	      47.02	      4.3 	W        	 1622753062
 3.56	 2.66	   4	   2	  64	  85	06384ecc-dd9b-4dc4-9169-eccd76d66b72	   69.26	      69.26	     10.84	W        	 1622753527
 2.16	 2.9 	   3	   4	  57	  96	edde65bb-c70f-4157-9288-dd5e3bb187e9	   34.95	      65.05	      5.63	L*       	 1622754004
 2.21	 2.97	   2	   3	  52	  73	1536e2e7-fff0-48d0-921a-4189b0737e0f	   34.39	      65.61	     12.46	L        	 1622754900
 2.52	 3.17	   3	   6	  70	  76	63a87f1c-94a0-4b5d-954b-dac69ddcb47d	   35.82	      64.18	      0.82	L        	 1622755416
 0.87	 1.47	   2	   3	  67	  84	4716b757-9ea3-4299-b705-4fc86f3a137b	   33.83	      66.17	      2.7 	L        	 1622756011
 1.47	 3.99	   1	   7	  79	  72	d9fc33f3-ee67-4361-95bc-128f44ba28bb	    8.96	      91.04	      1.69	L        	 1622756515
 2.91	 2.9 	   6	   2	  57	  62	aaa1e2f9-e938-4f9c-b0a4-40b9db169656	   49.54	      49.54	      1.22	W        	 1622825031
 3.32	 2.59	   4	   0	  77	  71	fd950dd8-7470-42dd-91e1-e74f27cf849b	   63.94	      63.94	      1.56	W        	 1622825431
 1.83	 0.96	   4	   1	  50	  65	812d718f-4e60-48eb-8417-b60d229733f9	   74.21	      74.21	      2.18	W        	 1622825781
 2.07	 2.5 	   3	   4	  58	 101	cb36abbc-f37e-4440-b363-e9ace28a8a31	   40.3 	      59.7 	      4.16	L        	 1622826234
 4.8 	 3.47	   3	   6	  60	  98	9e53cdfb-95e2-4552-beb5-1d44703d67c8	   72.24	      27.76	      1.02	L        	 1622836772
 1.55	 1.64	   1	   2	  67	  71	f5389565-f82e-481b-a007-7ad75610af04	   48.17	      51.83	     14.1 	L*       	 1622837164
 3.74	 2.35	   8	   2	  74	  81	3c07a1a5-f2c6-48b3-b807-3e5610b02f7c	   75.99	      75.99	      0.25	W        	 1622837624
 1.48	 4.24	   4	   5	  64	  90	e6041ac2-3c04-4c76-90cf-fe6aa56ce69d	    7.06	      92.94	      0.71	L        	 1622838298
 1.92	 0.81	   6	   1	  62	  50	5a1fb1f1-0629-40b7-a255-224ea2a4fe7b	   77.41	      77.41	      0.13	W        	 1622838705
 0.72	 4.57	   1	   4	  67	  98	a9dd20a3-30cb-40f8-a3c8-b46944af460a	    1.34	      98.66	      9.7 	L        	 1622839733
 1.78	 1.6 	   5	   3	  71	  81	2044271c-8b03-4237-b421-2b903e5da2f0	   54.29	      54.29	      0.32	W        	 1622840214
 1.51	 1.38	   4	   2	  83	  58	e6ddee71-9656-41ee-ba3e-e33beb223f8e	   51.95	      51.95	      1.87	W        	 1622840663
 3.38	 2.49	   5	   1	  47	  47	ca319fd1-b4cd-4906-b6f8-3b0e1facd8dc	   70.24	      70.24	      2.5 	W        	 1622840991
 3.14	 1.58	   3	   5	  79	  88	cf68e8fa-6ca6-44cb-9f44-125d92544d89	   79.3 	      20.7 	      0.29	L        	 1622841508
 2.62	 1.79	   2	   3	  71	  69	ac65a0e0-36ea-495a-a112-14162b78baec	   66.79	      33.21	      5.98	L        	 1622842081
 2.25	 3.31	   2	   4	  69	  87	c1c2fa10-1621-4a5f-abf2-a3cc1003a02a	   28.93	      71.07	      9.19	L        	 1622842544
 0.95	 2.55	   1	   6	  75	  89	a9ba38b3-0968-4cd7-828b-224a1900b54b	   17.23	      82.77	      0.83	L        	 1622843009
 2.64	 2.09	   1	   4	  75	  86	7d4a6dc5-37ac-43e4-bbb6-c76cad638927	   61.92	      38.08	      1.9 	L        	 1622843432
 1.73	 2.75	   0	   2	  76	  64	936a4504-4910-447c-bfbe-affb3c593ed4	   28.88	      71.12	      5.05	L        	 1622843861
 2.19	 2.36	   3	   2	  78	  72	d978fdb0-bbe4-4775-bfe1-dae553052be3	   46.48	      46.48	      8.45	W        	 1622844311
 2.7 	 1.44	   5	   1	  41	  66	266011af-4488-49e9-be22-57c73ca1d6a9	   77.81	      77.81	      2.72	W        	 1622844665
 2.41	 3.45	   3	   5	  62	  82	9aefc87a-ca43-4fdd-97f4-5c30ba17945f	   28.02	      71.98	      5.07	L        	 1622904477
 4.21	 4.71	   5	   6	  84	  90	0793ee01-14ea-43e4-b07d-1bc35a94caf8	   41.82	      58.18	      3.91	L*       	 1622904995
 2.29	 1.9 	   4	   2	  66	  93	a1860e97-16d5-47e6-a6da-f1c8ab379e12	   58.28	      58.28	      5.24	W        	 1622905432
 4.91	 1.15	   6	   1	  82	  55	93e3bcbc-7e58-431c-8da4-5ed3082d3e61	   98.3 	      98.3 	      8.56	W        	 1622924280
 3.23	 2.65	   6	   5	  84	  82	22f8b726-925f-4a52-b93d-2504251838a9	   61.65	      61.65	      0.33	W*       	 1622924838
 2.35	 3.39	   2	   4	  76	  80	c9eceee6-f6d6-42dd-babb-838a9f9cbb0e	   30   	      70   	      9.39	L        	 1622925262
 1.31	 1.34	   1	   2	  89	 113	a6143c56-040e-4064-855b-90e12e13a96c	   49.49	      50.51	     12.52	L*       	 1622925778
 2.22	 2.07	   3	   4	  70	  90	da9c9822-3314-43c9-b99b-e269ddff1112	   52.73	      47.27	      2.43	L*       	 1622926255
 2.68	 1.54	   3	   2	  82	  83	45a38201-39c9-4364-a506-f8dca46e6c60	   76.2 	      76.2 	     11.84	W        	 1622926687
 2.07	 1.37	   1	   3	  64	  79	88b8d542-3c20-470e-afc7-532af495b239	   66.6 	      33.4 	      3.06	L        	 1622927088
 1.38	 2.1 	   5	   2	  55	  70	eea8ecfe-8762-4825-bb49-2342e6a7b5d8	   33.39	      33.39	      0.04	W        	 1622927463
 2.94	 2.82	   2	   1	  76	  72	a1e94921-f485-47b0-81ce-e9a7ed3ace9d	   52.67	      52.67	      4.74	W*       	 1622928044
 4.17	 2.85	   6	   5	  75	  90	57b6737f-6a93-432b-b7eb-fe96f760b176	   73.88	      73.88	      1.03	W        	 1622928626
 2.06	 3.34	   1	   3	  61	  75	e023fd29-615f-4b90-8aad-c6055214f626	   23.26	      76.74	      9.37	L        	 1622929062
 1.92	 3.05	   4	   3	  69	  92	fd330199-bf28-4077-9898-45c1a7f95bf1	   25.22	      25.22	      2.91	W        	 1622929514
 2.32	 3.14	   2	   3	  59	 101	a7be263e-a3ab-435c-8764-696e4474cc44	   32.89	      67.11	     12.49	L        	 1622996809
 3.07	 4.62	   3	   4	  56	  95	7f2c76ff-114a-405b-ab74-7a2ae937aa03	   22.92	      77.08	      8.73	L        	 1622997284
 2.96	 5.17	   4	   6	  72	  83	722beb45-28ce-4721-b157-56b736ac066d	   13.57	      86.43	      4.8 	L        	 1622997822
 3.02	 2.71	   8	   4	  63	  81	8e256c72-c3e0-4f5e-9645-212dbdc55fca	   55.92	      55.92	      0.04	W        	 1622998352
 2.79	 2.52	   5	   3	  75	  79	825c7919-fdc6-4e2f-8b3d-88b6f0ff8205	   55.6 	      55.6 	      3.05	W        	 1622998842
 3.03	 3.65	   4	   5	  77	 102	76a196b8-5145-433b-bfe9-b3e7e7e1bb19	   36.6 	      63.4 	      4.42	L        	 1622999332
 2.62	 2.71	   5	   4	  79	  62	c42aebaa-0ab4-4745-825c-d48e5bab6652	   48.01	      48.01	      1.34	W        	 1622999824
 3.35	 2.86	   6	   3	  58	  56	99c849c6-6e88-46fc-8a17-c62ef8c1483a	   59.78	      59.78	      1.99	W        	 1623000273
 2.28	 1.56	   5	   1	  52	  65	55c471ee-a0a5-412b-9d26-d062a4106ea2	   66.36	      66.36	      1.52	W        	 1623010831
 3.05	 1.65	   5	   1	  54	  44	827a7f92-3091-42ac-98a1-82b74957889d	   79.2 	      79.2 	      3.58	W        	 1623011136
 3.33	 3.44	   6	   3	  62	  95	1cdec366-b728-4604-81d4-9404de44cf84	   48.16	      48.16	      1.38	W        	 1623011626
 3.64	 1.7 	   4	   1	  58	  64	47e238e4-e3c4-41a0-8be5-f189bbd6facd	   84.58	      84.58	      9.45	W        	 1623012130
 2.45	 1.88	   2	   3	  64	  75	0abb8fa7-a823-4ac4-91a3-d85cd94364be	   63.62	      36.38	      8.52	L        	 1623012565
 1.95	 1.94	   5	   1	  60	  53	f9c1e584-6129-452b-8dd1-541acefa41d8	   49.51	      49.51	      0.7 	W        	 1623012937
 2.57	 0.87	   3	   2	  71	  92	b97f429e-cfd7-442c-8468-e0515178421e	   84.46	      84.46	      4.9 	W        	 1623013633
 1.98	 2.47	   2	   3	  65	  76	4b44be40-8392-4f0e-b35c-a1353cae3f52	   38.66	      61.34	     11.78	L        	 1623014061
 1.59	 7.14	   0	   5	  67	 102	7a304476-0ace-4a4b-957f-e06c3b9ef161	    0.48	      99.52	      1.35	L        	 1623014491
 4.15	 4.73	   2	   7	  62	  83	ab02b6ba-ca7d-4c88-b664-a5cfcbff7321	   39.93	      60.07	      1.18	L        	 1623014965
 1.66	 2.45	   4	   2	  75	  56	4e1080c9-f66d-4bf0-ad14-671a4daeef08	   32.6 	      32.6 	      2.05	W        	 1623015399
 3.79	 2.72	   4	   5	  73	  78	189281c5-6f93-49df-b2d6-f2fc1c2a4b4f	   69.36	      30.64	      2.31	L        	 1623015886
 1.7 	 1.74	   1	   4	  83	  66	2fcbeb91-c147-4989-9d84-80a1289d4538	   49.53	      50.47	      2.65	L        	 1623016401
 1.32	 3.94	   0	   5	  59	 101	795a3b9c-e155-41a9-a9f4-6f7f6617657f	    5.45	      94.55	      4.02	L        	 1623016815
 1.52	 3.67	   3	   4	  77	  81	7aa2ba2c-3f12-4098-a23f-08407a915cb4	   13.77	      86.23	      3.58	L*       	 1623017288
 2.22	 5.02	   3	   4	  99	 105	d5950a7f-d63a-4fb6-8c9f-79ba3109fea6	    8.85	      91.15	      5.58	L*       	 1623084286
 2.97	 2.06	   1	   4	  66	  69	62bb3c52-cd34-412f-92fe-046ed8f36e58	   69.57	      30.43	      1.1 	L        	 1623084713
 2.89	 4.06	   2	   4	  80	  87	5605d1cc-2d9b-4fb9-aaf0-36245733e09e	   27.67	      72.33	      8.94	L        	 1623085171
 2.58	 4.97	   1	   6	  78	  87	324d0b5b-d338-413f-b5fb-7b43afc6c664	   12.29	      87.71	      3.88	L        	 1623098031
 2.46	 3.02	   2	   5	  62	  81	4df2ac70-4507-4daa-870a-f15c9f3fc353	   39.37	      60.63	      4   	L        	 1623098486
 2.49	 2.93	   5	   3	  83	  82	b654fe43-427f-4cdb-be96-01769d7730b5	   40.69	      40.69	      2.04	W        	 1623098920
 2.61	 1.07	   4	   0	  44	  46	d9ec4dbb-fbaa-4c54-807e-19668f8a0276	   89.08	      89.08	      2.94	W        	 1623099205
 1.42	 3.62	   3	   4	  81	  97	6d15124f-61d8-4cb9-8cf2-9913696649fa	   12.22	      87.78	      2.74	L        	 1623099778
 1.35	 2.05	   1	   3	  75	  82	4c18ea70-0173-47dc-8d92-08b5d2ce78d3	   33.38	      66.62	     10.06	L        	 1623100188
 4.26	 2.85	   2	   3	  64	  90	d089f14d-37e1-4667-9fa1-6d289750d378	   74.78	      25.22	      3.61	L        	 1623100633
 1.15	 3.29	   3	   2	  59	  65	d0cb8c72-3b41-4d5d-b565-8574245ed647	   10.68	      10.68	      1.58	W*       	 1623101080
 2.61	 2.58	   4	   1	  72	  62	cf47478b-a6e0-48ba-8c3c-bd88e468e8eb	   49.8 	      49.8 	      2.83	W        	 1623101578
 1.79	 1.74	   1	   2	  75	  87	325ea797-c097-47f5-891a-0c8bbae4a737	   52.62	      47.38	     12.07	L*       	 1623102071
 1.4 	 2.41	   2	   6	  64	 109	ad424fb1-de99-4f38-9ac6-18a68c78bf79	   27.76	      72.24	      0.37	L        	 1623102540
 2.52	 2.74	   2	   3	  69	  77	4c2d7de5-80dc-4798-be13-00ec792c2753	   46.17	      53.83	     11.5 	L        	 1623102946
 1.6 	 3.55	   2	   3	  57	 101	c27cb881-8d0e-41bf-b429-95511edfcf75	   16.79	      83.21	      8.03	L*       	 1623103416
 1.92	 1.08	   4	   0	  60	  75	726d5ede-6456-4014-85ae-1aef47563e1a	   70.61	      70.61	      2.69	W        	 1623103822
 2.54	 3.93	   1	   4	  65	  79	61642586-79ac-41d2-bd36-172fc8c3c852	   25.56	      74.44	      5.47	L        	 1623104252
 2.22	 0.98	   4	   1	  50	  57	54efda6d-b2c7-42d0-8261-28f04a862cdc	   78.19	      78.19	      5.57	W        	 1623104614
 1.95	 2.74	   3	   4	  66	  71	2f80b50b-d4f5-4e3a-bb46-beba3f94575e	   32.79	      67.21	      4.04	L        	 1623169332
 1.14	 1.7 	   3	   5	  75	  70	5cd2f057-79bc-4897-b8ea-0d3bfab30481	   35.47	      64.53	      0.08	L        	 1623169784
 2.88	 0.93	   5	   0	  63	  94	8926af93-447a-42c3-9699-d9023698c3fd	   87.79	      87.79	      3.62	W        	 1623170224
 1.7 	 2.12	   2	   4	  81	  59	d0e5106b-e680-4422-b4a9-d76c2bb34ad3	   38.05	      61.95	      2.15	L        	 1623170662
 2.83	 3.18	   2	   4	  63	  96	6817c4e0-6f6f-431d-92cf-17d794f45ac6	   42.81	      57.19	      7.68	L        	 1623171120
 3.05	 3.07	   5	   4	  70	  82	992fd18f-9510-406a-a040-29d6e388007e	   49.2 	      49.2 	      2.82	W*       	 1623185396
 3.6 	 1.18	   2	   3	  74	  75	444fa25e-1c78-4fcf-a51c-27935875780a	   89.57	      10.43	      1.51	L        	 1623185817
 2.26	 2.15	   5	   2	  54	  77	5b64e05d-80cf-4d6f-8e6e-2730f3ea7c57	   52.82	      52.82	      1.52	W        	 1623186253
 2.56	 2.57	   4	   3	  62	  63	23619f6c-c8df-428d-93d2-eb9dfe610eb8	   49.29	      49.29	      6.33	W        	 1623186711
 3.72	 2.33	   4	   5	  86	  86	63f84047-f040-4537-913e-dc7ec1db7284	   75.22	      24.78	      0.99	L*       	 1623187200
 2.42	 3.76	   2	   3	  68	  83	3c62fa7a-dc8f-445c-94b1-dad623533968	   23.22	      76.78	     10.87	L        	 1623187713
 1.95	 2.09	   1	   3	  75	  80	004a9173-bb3a-4252-975a-58fa0be946e5	   47.13	      52.87	      7.84	L        	 1623188196
 5.22	 3.12	   4	   3	  69	  77	2c7e5894-ff13-4fb0-997a-918f935c1fb7	   84.16	      84.16	      6.99	W        	 1623188664
 2.53	 4.12	   2	   3	  82	 120	0453b86b-d328-47da-8098-e31f09960830	   22.56	      77.44	      7.59	L*       	 1623189206
 3.11	 2.49	   1	   2	  68	  71	1edab053-ab1a-4729-ac01-a65f34ac8ba0	   62.3 	      37.7 	      3.79	L        	 1623273236
 3.11	 2.49	   1	   2	  68	  71	719a4a59-470a-42a0-b07c-9a441e3a9a0d	   62.3 	      37.7 	      3.79	L        	 1623273236
 3.11	 2.49	   1	   2	  68	  71	7da5e5ad-a636-49c3-abbf-8cce375e7049	   62.3 	      37.7 	      3.79	L        	 1623273236
 1.28	 1.3 	   2	   0	  61	  75	453cec2f-16e2-4617-9271-40745bccabbf	   49.66	      49.66	      8.52	W        	 1623273623
 2.68	 3.1 	   3	   2	  73	  77	857c5c64-3351-429a-9cc5-ed274348e5d4	   39.31	      39.31	      8.47	W        	 1623274064
 1.82	 2.83	   1	   2	  78	  61	bc4e3aab-49bc-4e18-ad03-e7b6e7a26d0c	   28.48	      71.52	     10.25	L        	 1623274462
 0.87	 4.33	   2	   4	  60	  73	995040e0-c27f-43d9-9c9c-55cb9c164235	    1.8 	      98.2 	      5.05	L        	 1623274926
 1.23	 1.05	   1	   0	  75	  56	f762d1a3-90df-494c-9d57-b1eb85957bd2	   55.3 	      55.3 	     18.91	W        	 1623275543
 2.42	 0.8 	   5	   0	  55	  59	d6bace0d-348a-46cb-a7a5-67ec0e3029b8	   85.53	      85.53	      2.02	W        	 1623275929
 2.83	 1.89	   5	   4	  84	  90	8da88a5b-e207-4866-b039-e835857612ca	   72.13	      72.13	      0.47	W        	 1623276442
 3.13	 1.02	   4	   1	  69	  61	b25d739e-c706-4a09-bd87-ea0951d4a285	   87.9 	      87.9 	      9.34	W        	 1623276886
 4.98	 3.01	   3	   2	  76	  81	088a3bf3-ebb4-4a41-9840-f105ac671719	   80.82	      80.82	      3.56	W        	 1623277331
 2.33	 2.2 	   4	   3	  71	  80	c3b1069b-c167-4e6d-bede-f22cc9a45439	   53.29	      53.29	      3.42	W        	 1623343263
 2.31	 1.42	   0	   1	  64	  57	bd4fc1cb-cb30-4ef2-b9d7-0d44d71786c4	   69.5 	      30.5 	      2.96	L        	 1623343617
 3.35	 2.23	   4	   0	  59	  71	62d932a4-3e0b-4b20-b43a-0a232d6311c0	   73.42	      73.42	      0.99	W        	 1623344077
 2.77	 4.54	   6	   5	  79	 109	847228dd-0152-4fb1-8f3e-d832547d39a1	   20.08	      20.08	      0.35	W*       	 1623344608
 2.5 	 3.67	   1	   5	  65	  91	80abfbe2-2c1a-470c-81cd-40b1e6643419	   26.74	      73.26	      3.2 	L        	 1623358796
 1.29	 2.13	   2	   1	  63	  83	ba16c6ac-911f-4250-aa4e-9d1fcf13de34	   29.68	      29.68	      8.8 	W        	 1623359179
 5.15	 3.15	   5	   4	  65	  88	ffb35db0-f6eb-4b35-a1fd-f4ac069b8288	   80.91	      80.91	      5.49	W        	 1623359677
 1.8 	 3.43	   1	   4	  55	  93	573b6a0c-8e78-46d8-9423-027a46ef7052	   19.07	      80.93	      9.85	L        	 1623360138
 1.24	 3.6 	   4	   3	  67	  75	3b8e50ce-389e-49ca-b492-f6f0863e01cf	    9.32	       9.32	      0.61	W*       	 1623360623
 1.12	 4.17	   2	   1	  61	  82	ef8de693-0363-4df1-909b-89783191ffb2	    5.73	       5.73	      0.83	W        	 1623361023
 2.07	 3.35	   4	   6	  78	  84	0ee15f33-6475-4d09-b56c-a69811d6b21a	   25.29	      74.71	      0.56	L        	 1623361536
 2.05	 3.87	   5	   2	  66	  86	2d073362-7d58-4c68-b0d7-4e7006009ef6	   18.51	      18.51	      0.34	W        	 1623362003
 1.65	 1.19	   2	   3	  79	  97	3afc1ab8-9e80-43aa-a15c-1b76a3c64769	   61.43	      38.57	      3.15	L        	 1623362454
 1.35	 1.93	   1	   2	  63	  68	b32a1ef1-3c0b-4656-aab8-4e4f32ba3f91	   36.58	      63.42	     15.16	L        	 1623362850
 1.96	 4.44	   2	   3	  81	  88	5af61b86-f976-4a64-ba2c-8bdb706af995	   10.91	      89.09	      7.13	L        	 1623363518
 1.34	 5.83	   1	   5	  65	  94	8eef679c-9446-438a-9c80-ccfff6273c4f	    1.89	      98.11	      7.68	L        	 1623363967
 4.76	 2.19	   2	   3	  82	 134	5a6b0508-98c8-42b9-bfe8-12efecde0146	   88.11	      11.89	      1.49	L*       	 1623364545
 1.75	 2.82	   1	   4	  65	  60	c9c07a26-c230-4e07-bc27-f94ae6d12e1d	   27.51	      72.49	      8.51	L        	 1623518257
 1.72	 1.89	   2	   3	  61	  73	ebf2373f-349a-4260-8b53-b43080996355	   46.08	      53.92	      7.47	L        	 1623518678
 2.61	 5.73	   2	   9	  72	  88	94ee48f8-fccf-4621-a347-2fcf33577d53	    6.76	      93.24	      1.22	L        	 1623519180
 1.99	 1.87	   4	   2	  64	  80	bb3ec6ff-0f00-40b7-961e-c7e995f197a2	   52.95	      52.95	      3.23	W        	 1623526375
 2.01	 3.94	   1	   3	  59	  83	3333e1a4-8ee4-47e8-aacf-c80855447d21	   15.65	      84.35	      6.46	L        	 1623526923
 3.14	 2.39	   3	   4	  87	  92	512cf526-6c66-461b-b8ab-aa856d194b59	   64.79	      35.21	      4.4 	L*       	 1623527458
 3.56	 2.44	   6	   3	  77	  60	25aa3234-5c73-414b-ba33-9aeed1a2597b	   70.87	      70.87	      2.53	W        	 1623527891
 3.91	 1.43	   4	   2	  82	  85	d3541cb3-3372-43b2-9b3b-80cf6417a99a	   90   	      90   	      7.83	W        	 1623528339
 2.5 	 1.74	   6	   2	  63	  64	ee45d5ef-c6b0-4cbd-b85f-04588b610c48	   68.17	      68.17	      0.27	W        	 1623528866
 3.18	 0.44	   6	   1	  49	  26	80b9023f-01ae-4f0d-bb38-41b83ba4d636	   96.22	      96.22	      1.79	W        	 1623529150
 2.57	 2.52	   0	   2	  59	  81	e7569a76-f2b3-48ac-b6c7-ac3a77d6c138	   50.51	      49.49	      1.8 	L        	 1623529531
 1.94	 3.39	   2	   1	  77	 106	d174f147-14b4-4c35-8b6f-eae6dd93740f	   23.93	      23.93	      3.63	W        	 1623530119
 3.17	 2   	   4	   2	  59	  63	e0164c44-37e2-48dc-82b5-52eb50bb76af	   74.13	      74.13	      9.27	W        	 1623618530
 4.71	 3.4 	   3	   4	  99	 104	11e3a216-4067-4d2a-b3c6-3fa970e48c5b	   71.53	      28.47	      4.1 	L*       	 1623619090
 2.27	 0.61	   3	   0	  51	  60	16bf969f-86c0-4d80-9930-883daf97a6a9	   86.93	      86.93	     15.47	W        	 1623619419
 3.71	 2.3 	   4	   1	  69	  93	685377e9-63bd-4b19-8b2d-2ac3e1420cf8	   75   	      75   	      6.42	W        	 1623619932
 3.56	 1.81	   6	   2	  77	  80	bc5bb710-0fe9-43ee-999b-f880db0b1ce2	   81.25	      81.25	      2.36	W        	 1623620414
 2.13	 1.46	   4	   3	  85	  76	eea39720-1f14-479b-a4cc-3a40d36f5c34	   66.96	      66.96	      1.24	W*       	 1623620904
 3.45	 1.9 	   5	   6	  60	  76	ee563358-c9b7-4a09-a1d1-3e733fbc5263	   80.25	      19.75	      0.06	L        	 1623621426
 3.75	 1.64	   3	   2	  80	  76	943238af-4037-4a07-9667-265dba4795a3	   87.38	      87.38	      9.51	W        	 1623621872
 2.28	 0.31	   4	   0	  22	  34	97ac28f1-6946-4731-aa16-0050649b8d2f	   94.46	      94.46	      7.6 	W        	 1623622078
 4.07	 2.47	   3	   6	  73	  70	bba52321-88c6-44e2-92c9-4a336265ec6a	   77.15	      22.85	      0.35	L        	 1623622566
 1.45	 1.41	   4	   1	  61	  67	fe39eb3f-69b1-4c49-81b6-4596fa629d19	   51.18	      51.18	      1.57	W        	 1623622920
 3.12	 0.98	   3	   2	  55	  92	3c42f873-b423-4bc1-9b74-b6dec0a7520c	   91.28	      91.28	      6.7 	W        	 1623623363
 2.55	 2.36	   2	   3	  72	  81	38eb23d3-1336-45ed-8cbd-07ded696aa1c	   54.3 	      45.7 	      9.46	L        	 1623702915
 2.68	 0.66	   3	   0	  60	  75	311edc58-e508-4f59-a002-8926a3fc3d74	   91.8 	      91.8 	     17.65	W        	 1623703328
 3.72	 4.14	   2	   3	  69	 111	f18e5d08-a0ae-4d57-aa83-dc74b22733f9	   42.73	      57.27	      3.44	L*       	 1623703830
 4.24	 4.36	   3	   4	  79	  93	97e9cecb-74f4-4559-a695-4407cb1ec77e	   47.84	      52.16	      6.04	L*       	 1623704349
 1.07	 4.76	   2	   3	 102	 126	f0067a50-45c5-41da-8848-61567877a0dc	    2.58	      97.42	      3.12	L*       	 1623705124
 2.73	 1.31	   5	   0	  48	  36	a2a6529b-b7d3-4b63-981d-326a1ac6d7f7	   80.99	      80.99	      1.49	W        	 1623705416
 4.03	 3.76	   3	   2	  79	  88	08f7d0a9-842d-46fb-99f1-9287cb076cf7	   54.86	      54.86	      4.08	W*       	 1623705999
 1.27	 3.08	   5	   7	  71	  85	a707c024-5f84-40e8-bfc6-2f48397d701c	   15.86	      84.14	      0.01	L        	 1623706546
 4.54	 1.53	   5	   2	  66	  76	860ad5e9-8688-4ed4-9b96-0e777231e6a6	   93.53	      93.53	      7.01	W        	 1623706994
 2.02	 1.27	   2	   1	  95	  73	e4d29b9f-15db-46dd-a3c5-47c874ab4f33	   68.53	      68.53	     17.25	W*       	 1623707448
 5.63	 1.29	   3	   1	  69	  76	50edbc27-3cc3-4549-96de-5aa6545e63ea	   98.26	      98.26	      2.88	W        	 1623707852
 2.26	 3.07	   3	   4	  66	  69	d603a93a-8ab9-4f46-96df-5cd01e4ee319	   32.42	      67.58	      6.74	L        	 1623708330
 1.34	 2.51	   0	   4	  60	  80	1b739064-a520-427c-b102-b4b784078432	   25.6 	      74.4 	      4.13	L        	 1623708724
 3.17	 1.48	   2	   3	  79	  92	114dbfc0-05db-425c-b215-b3aff62779b7	   82.26	      17.74	      3.4 	L*       	 1623709168
 4.37	 2.32	   6	   1	  50	  61	a02fa9bc-9dca-44d5-8233-9e6cdb7fe43b	   85.17	      85.17	      3.28	W        	 1623790561
 2.69	 0.98	   0	   1	  69	  66	8f2d35a3-ec0b-4e04-a9ef-0bad333262ac	   84.35	      15.65	      1.64	L*       	 1623790964
 2.11	 3.09	   2	   3	  72	  75	185c5314-18c3-48c5-a7fc-87e7539b511f	   29.34	      70.66	     13.36	L        	 1623791379
 1.62	 2.24	   0	   1	  68	  61	c8ffb998-0050-41b6-9fcb-18d0eb39105a	   35.33	      64.67	      4.6 	L        	 1623791846
 3.66	 2.94	   3	   2	  78	  73	648b713e-f163-4631-b5e4-0f180e5fb823	   62.7 	      62.7 	      7.14	W        	 1623792281
 1.52	 1.88	   4	   0	  69	  68	0b75f167-9235-4e6b-9505-baf18e065f05	   40.58	      40.58	      0.41	W        	 1623792624
 1.37	 3.55	   1	   4	  68	  84	ac8bedea-d139-41ce-bcbc-05838d57dc5b	   11.31	      88.69	     10.75	L        	 1623793061
 1.9 	 3.97	   3	   2	  81	 102	bae60ba7-1c99-42ea-8230-558f4eb7d8d1	   15.31	      15.31	      2.63	W*       	 1623793583
 2.5 	 1.86	   2	   3	  73	  67	f801d271-c985-44f4-b079-dc55fcdb945e	   64   	      36   	      7.32	L        	 1623794024
 2.16	 2.69	   2	   5	  69	  79	f78e8a2e-55d5-43f4-ba34-815568289126	   39.2 	      60.8 	      2.87	L        	 1623794495
 5.77	 3.69	   3	   4	  82	  83	56fc80d1-ad37-400e-8c43-826d43fc8435	   82.86	      17.14	      1.49	L        	 1623794953
 3.26	 2.7 	   4	   3	  72	  87	b511fe15-ca84-48df-9f20-901d879e55ee	   62.15	      62.15	      8.64	W        	 1623795427
 1.93	 2.24	   2	   1	  78	  62	1789cb42-ff99-4031-bcc2-bda7d41e3a1f	   42.5 	      42.5 	     10.08	W        	 1623795814
 2.34	 4.23	   1	   5	  78	  71	fd3839f4-148c-46fe-8cab-17595f43c857	   17.53	      82.47	      5.36	L        	 1623796259
 1.88	 2.83	   3	   1	  64	  67	f2ca41b5-4c22-44b2-90ce-cbdb85983c54	   29.16	      29.16	      2.81	W        	 1623879257
 6.41	 2.68	   6	   2	  74	  91	62e3f80d-0111-49f4-a1fc-1da5908581eb	   94.16	      94.16	      6.04	W        	 1623879752
 2.67	 2.85	   4	   3	  66	  96	379f3312-fae1-49e7-9db8-e678a802eec4	   46.38	      46.38	      5.78	W*       	 1623880356
 3.31	 0.18	   4	   0	  52	  36	bfbd88eb-5882-4540-85e5-cd21457a472e	   98.93	      98.93	     20.76	W        	 1623880738
 1.94	 4.11	   1	   5	  66	  87	52ec9fef-24d0-42c4-9533-f554f04bd103	   13.48	      86.52	      6.79	L        	 1623881199
 2.76	 2.7 	   3	   2	  65	  77	f20a2762-ec2b-4021-bdec-e0b22ba5aa19	   50.8 	      50.8 	      9.24	W        	 1623881627
 4.06	 4.85	   1	   8	  70	 110	47082291-ea2d-43f8-b713-fbb109260fd4	   36.89	      63.11	      0.16	L        	 1623882128
 1.83	 1.91	   3	   1	  74	  61	41d79639-5f2c-4b40-8aff-41b3020def2f	   48.16	      48.16	      6.66	W        	 1623882570
 0.75	 3.74	   2	   3	  63	  75	e2ab47d6-bcd7-459b-8b34-5ddff9b9ab88	    4.58	      95.42	      3.5 	L        	 1623883027
 3.87	 2.42	   5	   4	  83	  97	1edf2a0b-8665-4063-a630-88c58f299a58	   76.54	      76.54	      2.92	W*       	 1623883576
 3.4 	 2.84	   6	   4	  84	  81	4d228708-fbf1-4f7f-af8e-d8c49bc68201	   61.53	      61.53	      1.13	W        	 1623884083
 3.81	 1.25	   8	   2	  59	  39	88ab90cd-fe5f-4d14-8fd0-d46985f81efc	   92.2 	      92.2 	      0.18	W        	 1623963534
 1.83	 2.35	   2	   3	  68	  87	ba48c6be-a75f-4983-8512-ee0fbe974d4e	   39.59	      60.41	     11.43	L*       	 1623963983
 2.71	 1.73	   6	   2	  52	  48	7f189941-e33b-4e5f-9802-43efabb3f211	   72.23	      72.23	      0.63	W        	 1623964350
 2.61	 2.11	   2	   4	  63	  83	7123fef7-4d70-4176-9b57-53dd0a5aab22	   60.48	      39.52	      3.56	L        	 1623964790
 3.45	 2.23	   4	   1	  72	  69	7f358a45-5c79-4a21-8176-bb30fcba0980	   74.31	      74.31	      7.47	W        	 1623965219
 4.42	 2.23	   1	   2	  66	  69	c182b94f-55cd-4f34-8c2f-6831e6d9fe42	   85.63	      14.37	      0.59	L*       	 1623965631
 3.23	 2.48	   2	   3	  65	  85	74a59845-708c-4d47-9ba2-f8c36bb6c757	   65.7 	      34.3 	      7.51	L        	 1623966060
 2.96	 1.51	   5	   2	  72	  78	71e63e29-b068-4e93-a160-e18392023b51	   77.27	      77.27	      3.2 	W        	 1623966518
 2.72	 1.06	   5	   2	  84	  91	e4a2463c-d13e-43da-8a69-c542de943ab6	   82.78	      82.78	      1.84	W        	 1623967176
 2.36	 5.62	   2	   5	  71	  83	96e79a3b-0701-4872-bbae-9253c611baa1	    6.65	      93.35	      7.44	L        	 1623967621
 2.26	 4.94	   3	   5	  68	  94	59aa322e-a1b4-4d27-96bf-2920be57ca9c	   10.55	      89.45	      6.1 	L        	 1623968076
 0.9 	 0.61	   4	   0	  28	  39	007b7ff4-03d6-42aa-9364-10ff373abe34	   58.4 	      58.4 	      0.56	W        	 1623968317
 3.08	 3.47	   3	   2	  80	  87	2069f8f6-5626-4b0f-ac6a-d8987d979450	   42.19	      42.19	      5.95	W*       	 1623968762
 2.34	 1.96	   1	   2	  88	  87	a5b89cd4-174d-48af-99ad-ad8512496d92	   58.67	      41.33	      8.44	L*       	 1623969258
 1.12	 1.12	   2	   3	  73	  79	6e8f7bc3-c552-45f1-a0c4-8357a181b69f	   50.59	      49.41	      2.33	L*       	 1623969687
 2.71	 1.46	   7	   1	  56	  58	bc521809-c92f-4474-b7c8-70c8204bbc4f	   77.56	      77.56	      0.09	W        	 1623970099
 5.57	 4.51	   6	   5	  83	  81	47ee50dc-d80e-4c69-bf9f-8f8df68ee477	   67.48	      67.48	      5.9 	W        	 1623970616
 1.37	 2.31	   3	   4	  80	  76	7a71d999-bde0-4e67-afd0-27e39c9fc729	   29.24	      70.76	      1.63	L        	 1624050457
 2.38	 1.8 	   2	   1	  62	  88	2f72781e-152d-4a76-9f58-8d34f6e04205	   62.11	      62.11	     11.21	W        	 1624050835
 4.06	 1.61	   4	   0	  66	  68	bc8d33ba-db93-46a1-ab30-bb73e3c1d792	   90.7 	      90.7 	      5.35	W        	 1624051197
 2.73	 1.99	   4	   3	  73	  63	176caae9-1627-48b1-8561-9c750a5fddc5	   65.52	      65.52	      4.26	W        	 1624051657
 2.02	 1.5 	   2	   0	  67	  66	fc6c168b-a1c3-47bf-a334-e92600e1e1d2	   63.51	      63.51	      9.51	W        	 1624052004
 2.2 	 1.49	   2	   1	  58	  88	ffb5b2ab-d5d2-427d-a835-da6a8ff74a44	   67.51	      67.51	     16.6 	W        	 1624052398
 2.29	 2.21	   2	   3	  56	  74	ab5a1a6d-4a28-478b-b67e-5ba4fc72306b	   51.75	      48.25	      8.65	L        	 1624052955
 1.09	 2.2 	   3	   2	  71	  85	aa4c0fa4-4d8a-4522-b4f1-5a51eefb29db	   24.92	      24.92	      2.55	W        	 1624053397
 2.57	 3.49	   4	   5	  63	  88	e2c6b9e6-f77a-4591-86de-ab46fd7036fe	   31.86	      68.14	      2.33	L        	 1624053922
 1.49	 3.77	   1	   3	  65	  70	88f3950d-eed7-44e0-9555-f8dd705b2bf9	   11.37	      88.63	      9.86	L        	 1624054348
 1.82	 0.15	   4	   0	  37	  26	ee80f668-2314-42fd-8ddb-7d6895d44e77	   90.29	      90.29	      6.71	W        	 1624054570
 1.37	 1.57	   1	   3	  65	  79	6936a0ee-553f-4cdd-ab46-62a1af749c6e	   44.78	      55.22	      7.48	L        	 1624054965
 2.27	 3.16	   3	   5	  71	  75	0dc2b3bc-d6d3-460f-b1cd-6be07f19d58e	   31.87	      68.13	      4.43	L        	 1624055462
 2.38	 2.99	   2	   6	  65	  91	5bbecae9-8b27-4ce6-847c-b00f5005227b	   36.8 	      63.2 	      1.13	L        	 1624055976
 2.46	 4.94	   4	   5	  76	 111	e37ecc1c-a566-4fd5-a63c-16cf0b535e3c	   11.5 	      88.5 	      3.92	L*       	 1624128633
 1.05	 2.16	   2	   4	  56	  78	5fbc4409-4912-48cc-8f8e-2369ac8fd391	   25.22	      74.78	      2.77	L        	 1624129071
 1.12	 2.42	   1	   2	  59	  94	42de5aa3-bb52-4c14-bbb8-6e770197c809	   22.32	      77.68	     14.25	L*       	 1624129470
 2.76	 1.3 	   1	   3	  73	  62	73d475d5-7729-46fb-89d2-84b5a2770dfe	   78.23	      21.77	      1.79	L        	 1624129893
 2.54	 2.72	   2	   3	  66	  71	bfe02930-9f03-48a6-b7c9-f128ca29a757	   45.97	      54.03	     12.88	L        	 1624130320
 2.24	 1.61	   2	   3	  72	  84	b1759e4a-4295-4424-a266-ab57cfbffd28	   65.54	      34.46	      7.03	L*       	 1624130775
 2.03	 2.87	   4	   3	  66	  75	3ed27e5a-d425-4ef5-a234-551bb67bab77	   32.43	      32.43	      2.99	W        	 1624131247
 1.5 	 1.34	   2	   3	  57	  79	43107479-8a6c-4943-84f3-8ba101809c44	   54.07	      45.93	      4.04	L        	 1624131676
 5.11	 1.14	   4	   2	  77	  76	c1e58c4a-8510-40ae-9876-7e7d1248787c	   97.52	      97.52	      4.59	W        	 1624132135
 4.57	 4.31	   6	   2	  67	  97	99203b57-f1db-441c-92f5-62aa163dc6d0	   55.12	      55.12	      1.98	W        	 1624132795
 1.68	 4.58	   3	   4	 103	  99	09198aef-7c86-4e16-a28d-c69ffee46687	    9.33	      90.67	      3.62	L*       	 1624133369
 2.33	 3.42	   1	   4	  64	  83	855ce97c-932b-4453-b156-55d2b743eef6	   27.28	      72.72	      7.01	L        	 1624133832
 2.18	 1.01	   2	   4	  64	  69	8f1e37e2-171f-4f63-b3ab-7b987a97452d	   76.25	      23.75	      0.39	L        	 1624134265
 1.17	 2.95	   5	   1	  75	 104	6d848d46-74d3-4c44-b856-b0b3a73c918d	   16.64	      16.64	      0.04	W        	 1624226517
 5.84	 2.65	   8	   5	  73	  81	3595881e-328b-48dc-a13e-ab713ca4899d	   91.98	      91.98	      0.73	W        	 1624227106
 1.87	 1.45	   1	   0	  64	  86	9c613640-cb6e-4944-a955-2531cdf450fb	   60.32	      60.32	      7.76	W        	 1624227605
 2.38	 1.82	   3	   1	  56	  75	cdaee523-3363-410e-b5fa-68d411baa369	   63.29	      63.29	     11.28	W        	 1624228007
 3.69	 4.38	   4	   6	  71	  90	4f201577-47d0-432f-8de6-3103c44d2f81	   36.89	      63.11	      4.57	L        	 1624228553
 2.46	 4.97	   4	   5	  75	  87	b8869989-c29d-4942-b464-2ea1650f7a69	   11.96	      88.04	      3.16	L        	 1624229052
 3.44	 0.94	   2	   1	  72	  96	ea43d37f-592b-413f-a34e-412263528e3b	   91.69	      91.69	      7.9 	W*       	 1624229501
 2.15	 4.58	   2	   5	  72	  85	5dbfcc5e-9496-42ce-b3c2-e547ece3ec6a	   12.95	      87.05	      7.67	L        	 1624229986
 2.39	 3.05	   4	   5	  84	  83	726dbdec-5e8f-4446-8453-23b604a61b21	   37.39	      62.61	      1.68	L        	 1624230476
 1.83	 0.63	   2	   0	  71	  56	ac7b851d-8d9a-4962-bc83-767edb53a14a	   79.52	      79.52	     20.29	W        	 1624309620
 2.51	 1.65	   3	   1	  76	  79	a25ba459-b545-4f46-9503-8ca8a994da8e	   69.02	      69.02	     11.79	W        	 1624310028
 4.22	 2.74	   5	   1	  64	  68	13087c17-a243-417d-9a3c-ac7f591dfcc8	   76.6 	      76.6 	      3.96	W        	 1624310431
 2.03	 2.44	   1	   3	  89	  74	f808303c-1f8e-49fa-ade2-fbd17bc7bc6b	   40.91	      59.09	      9.47	L        	 1624310954
 2.42	 8.83	   2	   7	  61	 108	f34a3df1-31d3-42c0-bfb4-19c4aa4063f6	    0.35	      99.65	      4.23	L        	 1624311555
 2.61	 3.23	   2	   3	  68	  93	d8fb1044-3ebd-4367-b50d-ad4c7fc9b435	   36.65	      63.35	     11.93	L*       	 1624312033
 1.41	 1.59	   2	   3	  75	  54	e13e1183-3022-4ecf-9f63-cecbc095e30e	   45.11	      54.89	      5.14	L        	 1624312436
 2.89	 2.27	   9	   3	  61	  79	2169193a-03a9-4bf4-ad40-9bfd7b1cbc75	   64.08	      64.08	      0   	W        	 1624312981
 3.62	 1.36	   5	   2	  88	  74	c7fba052-4895-4d34-83ad-d67bb1cfb64c	   89.97	      89.97	      5.01	W        	 1624313436
 4.77	 2.89	   5	   4	 104	 108	c530be00-b00a-44df-bdef-f1a36128e576	   79.52	      79.52	      4.68	W*       	 1624314059
 3.05	 2.2 	   3	   4	  58	  74	7b3df7fd-6a1a-41e0-9aef-2d9c54bea4d6	   65.84	      34.16	      3.31	L        	 1624314559
 3.43	 2.1 	   4	   1	  70	  59	b65575d2-e626-4982-862d-36db875f3b6a	   76.86	      76.86	      7.71	W        	 1624315032
 2.06	 1.54	   4	   6	  81	  75	2c6886e6-dd7d-4129-bc3c-6deb2fbb132c	   62.74	      37.26	      0.01	L        	 1624315577
 1.11	 2.96	   5	   6	  50	  81	97ddb298-f27a-4341-8adf-a29585f8fcc4	   16.09	      83.91	      0.01	L*       	 1624316169
 4.76	 2.88	   2	   4	  83	  78	b430bcc4-b42f-4e23-9bc5-b1dc8104e126	   81.65	      18.35	      1.15	L        	 1624316638